<NewDataSet>
  <Table>
    <ORDERID>5181826419</ORDERID>
    <DELIVERY_DATE>06.07.2021</DELIVERY_DATE>
    <SALES_REPID>Светлана Панкова</SALES_REPID>
    <CLIENTID>3868333610</CLIENTID>
    <CLIENT_NAME>ИП МАМЕДОВ ФИЗУЛИ МАХИР ОГЛЫ</CLIENT_NAME>
    <CLIENT_ADDRESS>УЛ. ГВАРДЕЙСКАЯ; Д.79,</CLIENT_ADDRESS>
    <PRODUCT_CODE>85821</PRODUCT_CODE>
    <PRODUCT_NAME>0.5Х24 ПЭТ СПРАЙТ</PRODUCT_NAME>
    <QTY_CASES>1</QTY_CASES>
    <DTC>38VP1</DTC>
    <CLIENTID_DISTRIB>00305213_44458576</CLIENTID_DISTRIB>
    <DELIVERY_NOTE_MSG_1>нужен звонок оператора</DELIVERY_NOTE_MSG_1>
    <FISCAL_NUMBER>420550169300</FISCAL_NUMBER>
    <QTY_BOTTLES>24</QTY_BOTTLES>
    <ORDER_DATE>05.07.2021</ORDER_DATE>
    <FREE_CASE>0</FREE_CASE>
    <DISCOUNT>193.32</DISCOUNT>
    <PRICE_CASE>497.69</PRICE_CASE>
    <PRICE_EA>0</PRICE_EA>
    <ACTGRINUM>3868100535</ACTGRINUM>
    <CITY>Г. КЕМЕРОВО;</CITY>
    <CASES_DISCOUNTED>1</CASES_DISCOUNTED>
    <PCS_DISCOUNTED>0</PCS_DISCOUNTED>
    <DISCOUNT_PROMO_ID>X-TPC-6000681036/21/R6</DISCOUNT_PROMO_ID>
    <GROSS_VALUE>597.23</GROSS_VALUE>
    <INPUT_CHANNEL>PDA</INPUT_CHANNEL>
  </Table>
  <Table>
    <ORDERID>5181826419</ORDERID>
    <DELIVERY_DATE>06.07.2021</DELIVERY_DATE>
    <SALES_REPID>Светлана Панкова</SALES_REPID>
    <CLIENTID>3868333610</CLIENTID>
    <CLIENT_NAME>ИП МАМЕДОВ ФИЗУЛИ МАХИР ОГЛЫ</CLIENT_NAME>
    <CLIENT_ADDRESS>УЛ. ГВАРДЕЙСКАЯ; Д.79,</CLIENT_ADDRESS>
    <PRODUCT_CODE>85946</PRODUCT_CODE>
    <PRODUCT_NAME>0.5Х24 ПЭТ ФАНТА АПЕЛЬСИН</PRODUCT_NAME>
    <QTY_CASES>1</QTY_CASES>
    <DTC>38VP1</DTC>
    <CLIENTID_DISTRIB>00305213_44458576</CLIENTID_DISTRIB>
    <DELIVERY_NOTE_MSG_1>нужен звонок оператора </DELIVERY_NOTE_MSG_1>
    <FISCAL_NUMBER>420550169300</FISCAL_NUMBER>
    <QTY_BOTTLES>24</QTY_BOTTLES>
    <ORDER_DATE>05.07.2021</ORDER_DATE>
    <FREE_CASE>0</FREE_CASE>
    <DISCOUNT>193.32</DISCOUNT>
    <PRICE_CASE>497.69</PRICE_CASE>
    <PRICE_EA>0</PRICE_EA>
    <ACTGRINUM>3868100535</ACTGRINUM>
    <CITY>Г. КЕМЕРОВО;</CITY>
    <CASES_DISCOUNTED>1</CASES_DISCOUNTED>
    <PCS_DISCOUNTED>0</PCS_DISCOUNTED>
    <DISCOUNT_PROMO_ID>X-TPC-6000681036/21/R6</DISCOUNT_PROMO_ID>
    <GROSS_VALUE>597.23</GROSS_VALUE>
    <INPUT_CHANNEL>PDA</INPUT_CHANNEL>
  </Table>
  <Table>
    <ORDERID>5181826419</ORDERID>
    <DELIVERY_DATE>06.07.2021</DELIVERY_DATE>
    <SALES_REPID>Светлана Панкова</SALES_REPID>
    <CLIENTID>3868333610</CLIENTID>
    <CLIENT_NAME>ИП МАМЕДОВ ФИЗУЛИ МАХИР ОГЛЫ</CLIENT_NAME>
    <CLIENT_ADDRESS>УЛ. ГВАРДЕЙСКАЯ; Д.79,</CLIENT_ADDRESS>
    <PRODUCT_CODE>225237</PRODUCT_CODE>
    <PRODUCT_NAME>0.5Х24 ПЭТ КОКА-КОЛА ЗЕРО</PRODUCT_NAME>
    <QTY_CASES>1</QTY_CASES>
    <DTC>38VP1</DTC>
    <CLIENTID_DISTRIB>00305213_44458576</CLIENTID_DISTRIB>
    <DELIVERY_NOTE_MSG_1>нужен звонок оператора </DELIVERY_NOTE_MSG_1>
    <FISCAL_NUMBER>420550169300</FISCAL_NUMBER>
    <QTY_BOTTLES>24</QTY_BOTTLES>
    <ORDER_DATE>05.07.2021</ORDER_DATE>
    <FREE_CASE>0</FREE_CASE>
    <DISCOUNT>193.32</DISCOUNT>
    <PRICE_CASE>497.69</PRICE_CASE>
    <PRICE_EA>0</PRICE_EA>
    <ACTGRINUM>3868100535</ACTGRINUM>
    <CITY>Г. КЕМЕРОВО;</CITY>
    <CASES_DISCOUNTED>1</CASES_DISCOUNTED>
    <PCS_DISCOUNTED>0</PCS_DISCOUNTED>
    <DISCOUNT_PROMO_ID>X-TPC-6000681036/21/R6</DISCOUNT_PROMO_ID>
    <GROSS_VALUE>597.23</GROSS_VALUE>
    <INPUT_CHANNEL>PDA</INPUT_CHANNEL>
  </Table>
  <Table>
    <ORDERID>5181826419</ORDERID>
    <DELIVERY_DATE>06.07.2021</DELIVERY_DATE>
    <SALES_REPID>Светлана Панкова</SALES_REPID>
    <CLIENTID>3868333610</CLIENTID>
    <CLIENT_NAME>ИП МАМЕДОВ ФИЗУЛИ МАХИР ОГЛЫ</CLIENT_NAME>
    <CLIENT_ADDRESS>УЛ. ГВАРДЕЙСКАЯ; Д.79,</CLIENT_ADDRESS>
    <PRODUCT_CODE>256521</PRODUCT_CODE>
    <PRODUCT_NAME>0.5Х24 ПЭТ КОКА-КОЛА</PRODUCT_NAME>
    <QTY_CASES>4</QTY_CASES>
    <DTC>38VP1</DTC>
    <CLIENTID_DISTRIB>00305213_44458576</CLIENTID_DISTRIB>
    <DELIVERY_NOTE_MSG_1>нужен звонок оператора </DELIVERY_NOTE_MSG_1>
    <FISCAL_NUMBER>420550169300</FISCAL_NUMBER>
    <QTY_BOTTLES>96</QTY_BOTTLES>
    <ORDER_DATE>05.07.2021</ORDER_DATE>
    <FREE_CASE>0</FREE_CASE>
    <DISCOUNT>773.28</DISCOUNT>
    <PRICE_CASE>497.69</PRICE_CASE>
    <PRICE_EA>0</PRICE_EA>
    <ACTGRINUM>3868100535</ACTGRINUM>
    <CITY>Г. КЕМЕРОВО;</CITY>
    <CASES_DISCOUNTED>4</CASES_DISCOUNTED>
    <PCS_DISCOUNTED>0</PCS_DISCOUNTED>
    <DISCOUNT_PROMO_ID>X-TPC-6000681036/21/R6</DISCOUNT_PROMO_ID>
    <GROSS_VALUE>2388.91</GROSS_VALUE>
    <INPUT_CHANNEL>PDA</INPUT_CHANNEL>
  </Table>
  <Table>
    <ORDERID>5181826419</ORDERID>
    <DELIVERY_DATE>06.07.2021</DELIVERY_DATE>
    <SALES_REPID>Светлана Панкова</SALES_REPID>
    <CLIENTID>3868333610</CLIENTID>
    <CLIENT_NAME>ИП МАМЕДОВ ФИЗУЛИ МАХИР ОГЛЫ</CLIENT_NAME>
    <CLIENT_ADDRESS>УЛ. ГВАРДЕЙСКАЯ; Д.79,</CLIENT_ADDRESS>
    <PRODUCT_CODE>1135302</PRODUCT_CODE>
    <PRODUCT_NAME>0.5Х24 ПЭТ КОКА-КОЛА ВАНИЛА</PRODUCT_NAME>
    <QTY_CASES>1</QTY_CASES>
    <DTC>38VP1</DTC>
    <CLIENTID_DISTRIB>00305213_44458576</CLIENTID_DISTRIB>
    <DELIVERY_NOTE_MSG_1>нужен звонок оператора </DELIVERY_NOTE_MSG_1>
    <FISCAL_NUMBER>420550169300</FISCAL_NUMBER>
    <QTY_BOTTLES>24</QTY_BOTTLES>
    <ORDER_DATE>05.07.2021</ORDER_DATE>
    <FREE_CASE>0</FREE_CASE>
    <DISCOUNT>193.32</DISCOUNT>
    <PRICE_CASE>497.69</PRICE_CASE>
    <PRICE_EA>0</PRICE_EA>
    <ACTGRINUM>3868100535</ACTGRINUM>
    <CITY>Г. КЕМЕРОВО;</CITY>
    <CASES_DISCOUNTED>1</CASES_DISCOUNTED>
    <PCS_DISCOUNTED>0</PCS_DISCOUNTED>
    <DISCOUNT_PROMO_ID>X-TPC-6000681036/21/R6</DISCOUNT_PROMO_ID>
    <GROSS_VALUE>597.23</GROSS_VALUE>
    <INPUT_CHANNEL>PDA</INPUT_CHANNEL>
  </Table>
  <Table>
    <ORDERID>5181826419</ORDERID>
    <DELIVERY_DATE>06.07.2021</DELIVERY_DATE>
    <SALES_REPID>Светлана Панкова</SALES_REPID>
    <CLIENTID>3868333610</CLIENTID>
    <CLIENT_NAME>ИП МАМЕДОВ ФИЗУЛИ МАХИР ОГЛЫ</CLIENT_NAME>
    <CLIENT_ADDRESS>УЛ. ГВАРДЕЙСКАЯ; Д.79,</CLIENT_ADDRESS>
    <PRODUCT_CODE>76808</PRODUCT_CODE>
    <PRODUCT_NAME>0.5Х24 ПЭТ БОНАКВА СИЛЬНОГАЗИРОВАННАЯ</PRODUCT_NAME>
    <QTY_CASES>1</QTY_CASES>
    <DTC>38VP1</DTC>
    <CLIENTID_DISTRIB>00305213_44458576</CLIENTID_DISTRIB>
    <DELIVERY_NOTE_MSG_1>нужен звонок оператора </DELIVERY_NOTE_MSG_1>
    <FISCAL_NUMBER>420550169300</FISCAL_NUMBER>
    <QTY_BOTTLES>24</QTY_BOTTLES>
    <ORDER_DATE>05.07.2021</ORDER_DATE>
    <FREE_CASE>0</FREE_CASE>
    <DISCOUNT>108</DISCOUNT>
    <PRICE_CASE>296.43</PRICE_CASE>
    <PRICE_EA>0</PRICE_EA>
    <ACTGRINUM>3868100535</ACTGRINUM>
    <CITY>Г. КЕМЕРОВО;</CITY>
    <CASES_DISCOUNTED>1</CASES_DISCOUNTED>
    <PCS_DISCOUNTED>0</PCS_DISCOUNTED>
    <DISCOUNT_PROMO_ID>X-TPC-6000681036/21/R6</DISCOUNT_PROMO_ID>
    <GROSS_VALUE>355.72</GROSS_VALUE>
    <INPUT_CHANNEL>PDA</INPUT_CHANNEL>
  </Table>
  <Table>
    <ORDERID>5181826419</ORDERID>
    <DELIVERY_DATE>06.07.2021</DELIVERY_DATE>
    <SALES_REPID>Светлана Панкова</SALES_REPID>
    <CLIENTID>3868333610</CLIENTID>
    <CLIENT_NAME>ИП МАМЕДОВ ФИЗУЛИ МАХИР ОГЛЫ</CLIENT_NAME>
    <CLIENT_ADDRESS>УЛ. ГВАРДЕЙСКАЯ; Д.79,</CLIENT_ADDRESS>
    <PRODUCT_CODE>1750103</PRODUCT_CODE>
    <PRODUCT_NAME>0.5Х12 ПЭТ ФЬЮЗ ЧАЙ ЗЕЛ ЧАЙ КЛУБН-МАЛИНА</PRODUCT_NAME>
    <QTY_CASES>1</QTY_CASES>
    <DTC>38VP1</DTC>
    <CLIENTID_DISTRIB>00305213_44458576</CLIENTID_DISTRIB>
    <DELIVERY_NOTE_MSG_1>нужен звонок оператора </DELIVERY_NOTE_MSG_1>
    <FISCAL_NUMBER>420550169300</FISCAL_NUMBER>
    <QTY_BOTTLES>12</QTY_BOTTLES>
    <ORDER_DATE>05.07.2021</ORDER_DATE>
    <FREE_CASE>0</FREE_CASE>
    <DISCOUNT>90.18</DISCOUNT>
    <PRICE_CASE>268.11</PRICE_CASE>
    <PRICE_EA>0</PRICE_EA>
    <ACTGRINUM>3868100535</ACTGRINUM>
    <CITY>Г. КЕМЕРОВО;</CITY>
    <CASES_DISCOUNTED>1</CASES_DISCOUNTED>
    <PCS_DISCOUNTED>0</PCS_DISCOUNTED>
    <DISCOUNT_PROMO_ID>X-TPC-6000681036/21/R6</DISCOUNT_PROMO_ID>
    <GROSS_VALUE>321.73</GROSS_VALUE>
    <INPUT_CHANNEL>PDA</INPUT_CHANNEL>
  </Table>
  <Table>
    <ORDERID>5181826419</ORDERID>
    <DELIVERY_DATE>06.07.2021</DELIVERY_DATE>
    <SALES_REPID>Светлана Панкова</SALES_REPID>
    <CLIENTID>3868333610</CLIENTID>
    <CLIENT_NAME>ИП МАМЕДОВ ФИЗУЛИ МАХИР ОГЛЫ</CLIENT_NAME>
    <CLIENT_ADDRESS>УЛ. ГВАРДЕЙСКАЯ; Д.79,</CLIENT_ADDRESS>
    <PRODUCT_CODE>739921</PRODUCT_CODE>
    <PRODUCT_NAME>0.5 Х24 ПЭТ БОНАКВА НЕГАЗИРОВАННАЯ</PRODUCT_NAME>
    <QTY_CASES>1</QTY_CASES>
    <DTC>38VP1</DTC>
    <CLIENTID_DISTRIB>00305213_44458576</CLIENTID_DISTRIB>
    <DELIVERY_NOTE_MSG_1>нужен звонок оператора </DELIVERY_NOTE_MSG_1>
    <FISCAL_NUMBER>420550169300</FISCAL_NUMBER>
    <QTY_BOTTLES>24</QTY_BOTTLES>
    <ORDER_DATE>05.07.2021</ORDER_DATE>
    <FREE_CASE>0</FREE_CASE>
    <DISCOUNT>108</DISCOUNT>
    <PRICE_CASE>296.43</PRICE_CASE>
    <PRICE_EA>0</PRICE_EA>
    <ACTGRINUM>3868100535</ACTGRINUM>
    <CITY>Г. КЕМЕРОВО;</CITY>
    <CASES_DISCOUNTED>1</CASES_DISCOUNTED>
    <PCS_DISCOUNTED>0</PCS_DISCOUNTED>
    <DISCOUNT_PROMO_ID>X-TPC-6000681036/21/R6</DISCOUNT_PROMO_ID>
    <GROSS_VALUE>355.72</GROSS_VALUE>
    <INPUT_CHANNEL>PDA</INPUT_CHANNEL>
  </Table>
  <Table>
    <ORDERID>5181826419</ORDERID>
    <DELIVERY_DATE>06.07.2021</DELIVERY_DATE>
    <SALES_REPID>Светлана Панкова</SALES_REPID>
    <CLIENTID>3868333610</CLIENTID>
    <CLIENT_NAME>ИП МАМЕДОВ ФИЗУЛИ МАХИР ОГЛЫ</CLIENT_NAME>
    <CLIENT_ADDRESS>УЛ. ГВАРДЕЙСКАЯ; Д.79,</CLIENT_ADDRESS>
    <PRODUCT_CODE>1676416</PRODUCT_CODE>
    <PRODUCT_NAME>0.5Х12 ПЭТ ФЬЮЗ ЧАЙ ЛИМОН-ЛИМОНГРАСС</PRODUCT_NAME>
    <QTY_CASES>1</QTY_CASES>
    <DTC>38VP1</DTC>
    <CLIENTID_DISTRIB>00305213_44458576</CLIENTID_DISTRIB>
    <DELIVERY_NOTE_MSG_1>нужен звонок оператора </DELIVERY_NOTE_MSG_1>
    <FISCAL_NUMBER>420550169300</FISCAL_NUMBER>
    <QTY_BOTTLES>12</QTY_BOTTLES>
    <ORDER_DATE>05.07.2021</ORDER_DATE>
    <FREE_CASE>0</FREE_CASE>
    <DISCOUNT>90.18</DISCOUNT>
    <PRICE_CASE>268.11</PRICE_CASE>
    <PRICE_EA>0</PRICE_EA>
    <ACTGRINUM>3868100535</ACTGRINUM>
    <CITY>Г. КЕМЕРОВО;</CITY>
    <CASES_DISCOUNTED>1</CASES_DISCOUNTED>
    <PCS_DISCOUNTED>0</PCS_DISCOUNTED>
    <DISCOUNT_PROMO_ID>X-TPC-6000681036/21/R6</DISCOUNT_PROMO_ID>
    <GROSS_VALUE>321.73</GROSS_VALUE>
    <INPUT_CHANNEL>PDA</INPUT_CHANNEL>
  </Table>
</NewDataSet>